{"cameraMode":{"drawMode":0,"name":"Shaded","section":"Shading Mode"},"sceneLighting":false,"audioPlay":false,"sceneViewState":{"showFog":true,"showMaterialUpdate":false,"showSkybox":true,"showFlares":true,"showImageEffects":true,"showParticleSystems":true},"in2DMode":false,"pivot":{"x":1.7522660493850709,"y":-0.6296205520629883,"z":3.3866779804229738},"rotation":{"x":0.2040666937828064,"y":0.1794532835483551,"z":-0.038081906735897067,"w":0.9616147875785828},"size":6.579345703125,"orthographic":false}