{"cameraMode":{"drawMode":0,"name":"Shaded","section":"Shading Mode"},"sceneLighting":false,"audioPlay":false,"sceneViewState":{"showFog":true,"showMaterialUpdate":false,"showSkybox":true,"showFlares":true,"showImageEffects":true,"showParticleSystems":true},"in2DMode":false,"pivot":{"x":-2.0424063205718996,"y":-0.14024849236011506,"z":-1.5613269805908204},"rotation":{"x":-0.05596991628408432,"y":0.943796694278717,"z":-0.24088966846466065,"w":-0.21928824484348298},"size":15.1585111618042,"orthographic":false}