{"cameraMode":{"drawMode":0,"name":"Shaded","section":"Shading Mode"},"sceneLighting":false,"audioPlay":false,"sceneViewState":{"showFog":true,"showMaterialUpdate":false,"showSkybox":true,"showFlares":true,"showImageEffects":true,"showParticleSystems":true},"in2DMode":false,"pivot":{"x":0.732238233089447,"y":1.6419085264205933,"z":12.086647987365723},"rotation":{"x":-0.1486932784318924,"y":0.2681162655353546,"z":-0.04192430526018143,"w":-0.9509187340736389},"size":1.4289515018463135,"orthographic":false}