{"cameraMode":{"drawMode":0,"name":"Shaded","section":"Shading Mode"},"sceneLighting":false,"audioPlay":false,"sceneViewState":{"showFog":true,"showMaterialUpdate":false,"showSkybox":true,"showFlares":true,"showImageEffects":true,"showParticleSystems":true},"in2DMode":false,"pivot":{"x":0.1840379238128662,"y":1.3014860153198243,"z":4.595141410827637},"rotation":{"x":-0.13967406749725343,"y":0.3657083511352539,"z":-0.05561234429478645,"w":-0.91850745677948},"size":2.424994945526123,"orthographic":false}